group_1_224.jpg,group_23_240.jpg
group_1_256.jpg,group_23_240.jpg
group_1_288.jpg,group_23_240.jpg
group_1_320.jpg,group_23_240.jpg
group_105_0.jpg,group_11_908.jpg
group_105_1230.jpg,group_59_648.jpg
group_105_1968.jpg,group_103_80.jpg
group_105_1968.jpg,group_103_140.jpg
group_105_2214.jpg,group_103_80.jpg
group_105_2214.jpg,group_103_140.jpg
group_105_2460.jpg,group_59_0.jpg
group_105_2460.jpg,group_59_72.jpg
group_106_280.jpg,group_22_504.jpg
group_106_280.jpg,group_41_186.jpg
group_112_0.jpg,group_48_109.jpg
group_112_0.jpg,group_104_0.jpg
group_112_135.jpg,group_104_178.jpg
group_112_45.jpg,group_48_109.jpg
group_112_45.jpg,group_104_178.jpg
group_112_90.jpg,group_104_178.jpg
group_112_90.jpg,group_104_0.jpg
group_113_1105.jpg,group_98_448.jpg
group_113_1105.jpg,group_98_512.jpg
group_113_1105.jpg,group_98_384.jpg
group_113_1326.jpg,group_98_0.jpg
group_113_1989.jpg,group_98_0.jpg
group_113_221.jpg,group_98_0.jpg
group_113_442.jpg,group_13_201.jpg
group_113_442.jpg,group_13_335.jpg
group_113_663.jpg,group_20_1098.jpg
group_113_663.jpg,group_17_620.jpg
group_113_663.jpg,group_17_558.jpg
group_113_884.jpg,group_20_976.jpg
group_113_884.jpg,group_20_1098.jpg
group_113_884.jpg,group_20_854.jpg
group_2_0.jpg,group_112_0.jpg
group_2_0.jpg,group_112_45.jpg
group_2_0.jpg,group_48_109.jpg
group_22_0.jpg,group_103_80.jpg
group_22_0.jpg,group_103_60.jpg
group_22_168.jpg,group_42_200.jpg
group_22_168.jpg,group_42_240.jpg
group_22_168.jpg,group_42_280.jpg
group_22_252.jpg,group_103_180.jpg
group_22_336.jpg,group_41_248.jpg
group_22_336.jpg,group_41_310.jpg
group_22_420.jpg,group_41_248.jpg
group_22_504.jpg,group_41_186.jpg
group_22_588.jpg,group_41_248.jpg
group_22_756.jpg,group_84_420.jpg
group_22_84.jpg,group_108_98.jpg
group_22_84.jpg,group_103_0.jpg
group_22_84.jpg,group_103_40.jpg
group_22_840.jpg,group_84_420.jpg
group_22_840.jpg,group_84_300.jpg
group_22_840.jpg,group_84_360.jpg
group_23_0.jpg,group_1_192.jpg
group_23_0.jpg,group_1_320.jpg
group_23_0.jpg,group_1_288.jpg
group_23_120.jpg,group_1_192.jpg
group_23_180.jpg,group_1_192.jpg
group_23_180.jpg,group_1_160.jpg
group_23_180.jpg,group_1_224.jpg
group_23_240.jpg,group_1_192.jpg
group_23_240.jpg,group_1_160.jpg
group_23_300.jpg,group_58_0.jpg
group_23_300.jpg,group_58_850.jpg
group_23_360.jpg,group_58_0.jpg
group_23_420.jpg,group_58_0.jpg
group_23_420.jpg,group_58_85.jpg
group_23_480.jpg,group_58_0.jpg
group_23_480.jpg,group_58_85.jpg
group_23_540.jpg,group_58_0.jpg
group_23_540.jpg,group_58_85.jpg
group_23_60.jpg,group_1_192.jpg
group_23_60.jpg,group_1_320.jpg
group_23_600.jpg,group_66_624.jpg
group_23_600.jpg,group_66_546.jpg
group_23_600.jpg,group_66_702.jpg
group_23_600.jpg,group_56_225.jpg
group_24_1772.jpg,group_25_182.jpg
group_24_1772.jpg,group_25_0.jpg
group_24_1772.jpg,group_25_910.jpg
group_24_1772.jpg,group_25_364.jpg
group_26_0.jpg,group_27_3375.jpg
group_26_0.jpg,group_27_3000.jpg
group_26_0.jpg,group_27_3750.jpg
group_26_1023.jpg,group_27_2625.jpg
group_26_1023.jpg,group_27_375.jpg
group_26_1023.jpg,group_27_750.jpg
group_26_1364.jpg,group_27_2625.jpg
group_26_1364.jpg,group_27_750.jpg
group_26_1705.jpg,group_27_2625.jpg
group_26_2046.jpg,group_27_3750.jpg
group_26_2046.jpg,group_27_1500.jpg
group_26_2046.jpg,group_27_750.jpg
group_26_2387.jpg,group_27_750.jpg
group_26_2387.jpg,group_27_1125.jpg
group_26_2387.jpg,group_27_0.jpg
group_26_2728.jpg,group_27_750.jpg
group_26_2728.jpg,group_27_375.jpg
group_26_2728.jpg,group_27_1125.jpg
group_26_3069.jpg,group_27_1500.jpg
group_26_341.jpg,group_27_2625.jpg
group_26_682.jpg,group_27_3000.jpg
group_27_0.jpg,group_26_2387.jpg
group_27_0.jpg,group_26_2728.jpg
group_27_1125.jpg,group_26_2387.jpg
group_27_1875.jpg,group_24_1772.jpg
group_27_1875.jpg,group_25_0.jpg
group_27_1875.jpg,group_25_182.jpg
group_27_1875.jpg,group_25_910.jpg
group_27_1875.jpg,group_25_364.jpg
group_27_2250.jpg,group_26_341.jpg
group_27_2250.jpg,group_26_682.jpg
group_27_2625.jpg,group_26_341.jpg
group_27_2625.jpg,group_26_1364.jpg
group_27_3000.jpg,group_26_0.jpg
group_27_3000.jpg,group_26_341.jpg
group_27_3375.jpg,group_26_0.jpg
group_27_3375.jpg,group_26_341.jpg
group_27_375.jpg,group_26_1364.jpg
group_27_375.jpg,group_26_2387.jpg
group_27_3750.jpg,group_26_2046.jpg
group_27_750.jpg,group_26_2387.jpg
group_27_750.jpg,group_26_2728.jpg
group_28_1422.jpg,group_4_324.jpg
group_28_1422.jpg,group_4_162.jpg
group_28_1422.jpg,group_4_81.jpg
group_28_1422.jpg,group_4_0.jpg
group_28_1422.jpg,group_4_243.jpg
group_28_1580.jpg,group_22_840.jpg
group_28_1580.jpg,group_22_756.jpg
group_28_1580.jpg,group_84_420.jpg
group_28_1580.jpg,group_94_279.jpg
group_28_1580.jpg,group_85_252.jpg
group_30_0.jpg,group_32_1278.jpg
group_30_1062.jpg,group_32_852.jpg
group_30_118.jpg,group_32_0.jpg
group_30_1180.jpg,group_32_1278.jpg
group_30_472.jpg,group_32_1278.jpg
group_32_0.jpg,group_30_118.jpg
group_32_0.jpg,group_30_236.jpg
group_32_0.jpg,group_30_0.jpg
group_32_1136.jpg,group_30_1180.jpg
group_32_1136.jpg,group_30_1062.jpg
group_32_1278.jpg,group_30_1180.jpg
group_32_1278.jpg,group_30_354.jpg
group_32_1278.jpg,group_30_472.jpg
group_32_142.jpg,group_30_118.jpg
group_32_1420.jpg,group_30_354.jpg
group_32_1420.jpg,group_30_472.jpg
group_32_1420.jpg,group_30_0.jpg
group_35_0.jpg,group_22_336.jpg
group_35_0.jpg,group_94_217.jpg
group_35_0.jpg,group_22_0.jpg
group_35_0.jpg,group_94_0.jpg
group_35_0.jpg,group_22_252.jpg
group_35_108.jpg,group_56_225.jpg
group_35_144.jpg,group_23_600.jpg
group_35_144.jpg,group_66_546.jpg
group_35_36.jpg,group_1_32.jpg
group_35_36.jpg,group_1_96.jpg
group_35_36.jpg,group_1_64.jpg
group_35_36.jpg,group_1_0.jpg
group_35_36.jpg,group_1_128.jpg
group_35_72.jpg,group_1_0.jpg
group_35_72.jpg,group_1_32.jpg
group_35_72.jpg,group_1_96.jpg
group_35_72.jpg,group_1_128.jpg
group_39_0.jpg,group_57_82.jpg
group_4_0.jpg,group_28_1422.jpg
group_4_243.jpg,group_84_60.jpg
group_4_81.jpg,group_28_1422.jpg
group_40_0.jpg,group_15_600.jpg
group_40_1720.jpg,group_15_750.jpg
group_40_2150.jpg,group_15_750.jpg
group_46_0.jpg,group_41_248.jpg
group_46_180.jpg,group_94_279.jpg
group_46_216.jpg,group_94_248.jpg
group_46_252.jpg,group_94_248.jpg
group_46_288.jpg,group_94_248.jpg
group_46_36.jpg,group_22_336.jpg
group_46_360.jpg,group_22_588.jpg
group_46_72.jpg,group_41_248.jpg
group_47_196.jpg,group_48_218.jpg
group_47_294.jpg,group_48_654.jpg
group_47_392.jpg,group_48_654.jpg
group_47_98.jpg,group_48_218.jpg
group_48_0.jpg,group_104_712.jpg
group_48_0.jpg,group_104_801.jpg
group_48_0.jpg,group_104_890.jpg
group_48_0.jpg,group_104_445.jpg
group_48_0.jpg,group_104_623.jpg
group_48_109.jpg,group_49_560.jpg
group_48_1090.jpg,group_47_588.jpg
group_48_1090.jpg,group_108_196.jpg
group_48_1090.jpg,group_47_490.jpg
group_48_981.jpg,group_49_112.jpg
group_49_504.jpg,group_48_218.jpg
group_49_504.jpg,group_48_327.jpg
group_49_560.jpg,group_48_218.jpg
group_49_560.jpg,group_48_436.jpg
group_49_560.jpg,group_48_545.jpg
group_53_0.jpg,group_113_1989.jpg
group_53_164.jpg,group_113_442.jpg
group_53_328.jpg,group_63_182.jpg
group_53_41.jpg,group_113_1989.jpg
group_53_410.jpg,group_113_442.jpg
group_53_410.jpg,group_105_0.jpg
group_53_82.jpg,group_113_1989.jpg
group_57_0.jpg,group_41_434.jpg
group_57_0.jpg,group_41_372.jpg
group_57_0.jpg,group_41_496.jpg
group_57_0.jpg,group_41_558.jpg
group_57_0.jpg,group_41_620.jpg
group_57_123.jpg,group_108_0.jpg
group_57_164.jpg,group_108_0.jpg
group_57_41.jpg,group_85_0.jpg
group_57_41.jpg,group_85_84.jpg
group_57_41.jpg,group_85_42.jpg
group_57_41.jpg,group_85_126.jpg
group_57_82.jpg,group_20_610.jpg
group_57_82.jpg,group_20_488.jpg
group_60_1110.jpg,group_1_224.jpg
group_60_1110.jpg,group_1_256.jpg
group_60_1110.jpg,group_1_320.jpg
group_60_1110.jpg,group_1_288.jpg
group_60_1110.jpg,group_23_600.jpg
group_63_0.jpg,group_1_224.jpg
group_63_0.jpg,group_1_256.jpg
group_63_0.jpg,group_1_320.jpg
group_63_0.jpg,group_1_288.jpg
group_63_0.jpg,group_23_600.jpg
group_63_182.jpg,group_15_300.jpg
group_63_273.jpg,group_9_0.jpg
group_63_364.jpg,group_9_0.jpg
group_63_455.jpg,group_9_0.jpg
group_63_546.jpg,group_9_0.jpg
group_63_637.jpg,group_9_0.jpg
group_63_637.jpg,group_79_576.jpg
group_63_637.jpg,group_79_360.jpg
group_63_728.jpg,group_15_150.jpg
group_63_728.jpg,group_15_0.jpg
group_63_728.jpg,group_15_225.jpg
group_63_728.jpg,group_15_75.jpg
group_63_819.jpg,group_15_0.jpg
group_63_819.jpg,group_15_300.jpg
group_63_91.jpg,group_15_300.jpg
group_63_910.jpg,group_16_588.jpg
group_63_910.jpg,group_16_672.jpg
group_66_0.jpg,group_67_0.jpg
group_66_156.jpg,group_67_420.jpg
group_66_234.jpg,group_67_0.jpg
group_66_468.jpg,group_55_0.jpg
group_66_468.jpg,group_55_15.jpg
group_66_546.jpg,group_56_225.jpg
group_66_546.jpg,group_23_0.jpg
group_66_624.jpg,group_56_225.jpg
group_66_624.jpg,group_23_0.jpg
group_66_702.jpg,group_94_0.jpg
group_66_702.jpg,group_58_0.jpg
group_66_78.jpg,group_67_420.jpg
group_66_780.jpg,group_94_0.jpg
group_66_780.jpg,group_58_0.jpg
group_81_1040.jpg,group_50_0.jpg
group_81_936.jpg,group_50_0.jpg
group_82_0.jpg,group_48_981.jpg
group_87_0.jpg,group_110_34.jpg
group_87_56.jpg,group_110_34.jpg
group_9_0.jpg,group_63_273.jpg
group_9_0.jpg,group_63_637.jpg
group_9_0.jpg,group_63_455.jpg
group_9_0.jpg,group_63_364.jpg
group_9_0.jpg,group_63_546.jpg
group_9_80.jpg,group_30_590.jpg
group_9_80.jpg,group_32_852.jpg
group_9_80.jpg,group_30_708.jpg
group_9_80.jpg,group_32_994.jpg
group_9_80.jpg,group_32_1136.jpg
group_90_0.jpg,group_87_336.jpg
group_90_43.jpg,group_87_336.jpg
group_94_248.jpg,group_46_288.jpg
group_94_248.jpg,group_46_252.jpg
group_94_248.jpg,group_46_36.jpg
group_94_248.jpg,group_46_72.jpg
group_94_248.jpg,group_41_620.jpg
group_94_279.jpg,group_22_840.jpg
group_94_279.jpg,group_22_756.jpg
group_94_279.jpg,group_46_0.jpg
group_94_279.jpg,group_22_588.jpg
group_94_279.jpg,group_22_672.jpg
group_94_310.jpg,group_70_720.jpg
group_94_310.jpg,group_70_180.jpg
group_94_310.jpg,group_70_540.jpg
group_94_310.jpg,group_70_0.jpg
group_94_310.jpg,group_70_360.jpg
