group_101_0.jpg,group_37_322.jpg
group_101_30.jpg,group_37_322.jpg
group_105_0.jpg,group_11_454.jpg
group_105_0.jpg,group_11_681.jpg
group_105_1230.jpg,group_15_0.jpg
group_105_1230.jpg,group_15_225.jpg
group_105_1230.jpg,group_15_150.jpg
group_105_1968.jpg,group_103_80.jpg
group_105_1968.jpg,group_103_140.jpg
group_105_2214.jpg,group_103_80.jpg
group_105_2214.jpg,group_103_140.jpg
group_105_246.jpg,group_11_1135.jpg
group_105_2460.jpg,group_103_80.jpg
group_105_2460.jpg,group_103_140.jpg
group_106_28.jpg,group_10_855.jpg
group_106_280.jpg,group_41_434.jpg
group_106_280.jpg,group_41_310.jpg
group_106_280.jpg,group_41_372.jpg
group_110_0.jpg,group_108_588.jpg
group_110_340.jpg,group_114_744.jpg
group_112_0.jpg,group_51_1470.jpg
group_112_0.jpg,group_51_1029.jpg
group_112_0.jpg,group_51_1176.jpg
group_112_135.jpg,group_51_882.jpg
group_112_135.jpg,group_51_735.jpg
group_112_180.jpg,group_57_123.jpg
group_112_180.jpg,group_57_164.jpg
group_112_225.jpg,group_30_236.jpg
group_112_315.jpg,group_54_115.jpg
group_112_315.jpg,group_54_161.jpg
group_112_315.jpg,group_103_160.jpg
group_112_360.jpg,group_54_161.jpg
group_112_360.jpg,group_54_115.jpg
group_112_360.jpg,group_30_0.jpg
group_112_405.jpg,group_54_161.jpg
group_112_405.jpg,group_54_115.jpg
group_112_405.jpg,group_30_0.jpg
group_112_45.jpg,group_51_1029.jpg
group_112_45.jpg,group_51_1470.jpg
group_112_45.jpg,group_51_882.jpg
group_112_90.jpg,group_51_1029.jpg
group_112_90.jpg,group_51_1176.jpg
group_113_0.jpg,group_10_380.jpg
group_113_442.jpg,group_105_0.jpg
group_113_663.jpg,group_108_490.jpg
group_113_663.jpg,group_108_588.jpg
group_113_663.jpg,group_108_392.jpg
group_113_884.jpg,group_17_620.jpg
group_113_884.jpg,group_17_558.jpg
group_113_884.jpg,group_17_186.jpg
group_18_0.jpg,group_108_588.jpg
group_18_536.jpg,group_105_1968.jpg
group_18_536.jpg,group_105_2214.jpg
group_18_603.jpg,group_105_1968.jpg
group_18_603.jpg,group_105_2214.jpg
group_18_603.jpg,group_108_392.jpg
group_18_67.jpg,group_105_2214.jpg
group_20_1098.jpg,group_17_620.jpg
group_20_1098.jpg,group_17_558.jpg
group_20_1098.jpg,group_17_434.jpg
group_20_976.jpg,group_17_620.jpg
group_20_976.jpg,group_17_558.jpg
group_22_0.jpg,group_17_0.jpg
group_22_168.jpg,group_108_686.jpg
group_22_84.jpg,group_108_686.jpg
group_22_84.jpg,group_108_588.jpg
group_22_840.jpg,group_105_1968.jpg
group_23_480.jpg,group_17_434.jpg
group_23_480.jpg,group_17_496.jpg
group_23_540.jpg,group_105_2214.jpg
group_23_540.jpg,group_17_434.jpg
group_23_600.jpg,group_94_0.jpg
group_23_600.jpg,group_16_756.jpg
group_25_0.jpg,group_24_0.jpg
group_25_0.jpg,group_24_443.jpg
group_25_0.jpg,group_24_1329.jpg
group_25_0.jpg,group_24_886.jpg
group_25_182.jpg,group_24_1329.jpg
group_25_182.jpg,group_24_443.jpg
group_25_364.jpg,group_24_1329.jpg
group_25_364.jpg,group_24_2658.jpg
group_25_364.jpg,group_24_2215.jpg
group_25_546.jpg,group_24_1772.jpg
group_25_728.jpg,group_24_2658.jpg
group_26_0.jpg,group_27_3375.jpg
group_26_2728.jpg,group_27_750.jpg
group_27_0.jpg,group_26_2728.jpg
group_27_1500.jpg,group_26_2728.jpg
group_27_1875.jpg,group_24_1772.jpg
group_27_1875.jpg,group_24_2658.jpg
group_27_1875.jpg,group_24_1329.jpg
group_27_1875.jpg,group_24_2215.jpg
group_27_2250.jpg,group_25_546.jpg
group_27_3375.jpg,group_26_341.jpg
group_27_3375.jpg,group_26_0.jpg
group_27_375.jpg,group_26_1023.jpg
group_27_750.jpg,group_26_2728.jpg
group_28_1264.jpg,group_85_168.jpg
group_28_1422.jpg,group_4_0.jpg
group_28_1422.jpg,group_4_81.jpg
group_28_1422.jpg,group_4_162.jpg
group_28_1422.jpg,group_4_243.jpg
group_28_1422.jpg,group_85_420.jpg
group_28_1580.jpg,group_94_279.jpg
group_28_1580.jpg,group_22_840.jpg
group_28_1580.jpg,group_22_756.jpg
group_28_1580.jpg,group_85_252.jpg
group_28_1580.jpg,group_85_420.jpg
group_32_0.jpg,group_30_118.jpg
group_32_0.jpg,group_30_0.jpg
group_32_0.jpg,group_30_236.jpg
group_32_1278.jpg,group_30_472.jpg
group_32_142.jpg,group_30_118.jpg
group_32_142.jpg,group_30_236.jpg
group_32_1420.jpg,group_30_472.jpg
group_32_1420.jpg,group_30_236.jpg
group_35_0.jpg,group_103_180.jpg
group_35_0.jpg,group_103_40.jpg
group_35_0.jpg,group_103_80.jpg
group_35_0.jpg,group_103_200.jpg
group_35_108.jpg,group_94_0.jpg
group_35_144.jpg,group_23_600.jpg
group_35_36.jpg,group_22_420.jpg
group_35_36.jpg,group_22_504.jpg
group_35_36.jpg,group_41_434.jpg
group_35_72.jpg,group_63_910.jpg
group_35_72.jpg,group_94_0.jpg
group_35_72.jpg,group_20_0.jpg
group_4_243.jpg,group_28_1422.jpg
group_40_0.jpg,group_97_117.jpg
group_40_1075.jpg,group_97_117.jpg
group_40_1075.jpg,group_97_78.jpg
group_40_1075.jpg,group_97_156.jpg
group_40_1505.jpg,group_97_351.jpg
group_40_1720.jpg,group_97_351.jpg
group_40_430.jpg,group_15_600.jpg
group_40_430.jpg,group_15_750.jpg
group_43_1090.jpg,group_44_124.jpg
group_43_1090.jpg,group_44_93.jpg
group_43_1090.jpg,group_44_62.jpg
group_43_1090.jpg,group_44_186.jpg
group_43_872.jpg,group_44_310.jpg
group_43_981.jpg,group_44_310.jpg
group_43_981.jpg,group_44_217.jpg
group_43_981.jpg,group_44_279.jpg
group_46_0.jpg,group_103_120.jpg
group_46_0.jpg,group_103_140.jpg
group_46_0.jpg,group_103_80.jpg
group_46_108.jpg,group_103_180.jpg
group_46_108.jpg,group_103_40.jpg
group_46_144.jpg,group_103_180.jpg
group_46_144.jpg,group_103_200.jpg
group_46_180.jpg,group_94_279.jpg
group_46_180.jpg,group_98_640.jpg
group_46_180.jpg,group_98_512.jpg
group_46_216.jpg,group_94_248.jpg
group_46_216.jpg,group_103_40.jpg
group_46_216.jpg,group_103_80.jpg
group_46_252.jpg,group_94_248.jpg
group_46_252.jpg,group_94_62.jpg
group_46_252.jpg,group_94_31.jpg
group_46_288.jpg,group_94_248.jpg
group_46_288.jpg,group_94_62.jpg
group_46_288.jpg,group_103_80.jpg
group_46_324.jpg,group_94_62.jpg
group_46_324.jpg,group_94_93.jpg
group_46_36.jpg,group_103_140.jpg
group_46_36.jpg,group_103_120.jpg
group_46_36.jpg,group_103_160.jpg
group_46_360.jpg,group_98_640.jpg
group_46_72.jpg,group_103_120.jpg
group_46_72.jpg,group_103_140.jpg
group_47_0.jpg,group_103_140.jpg
group_47_196.jpg,group_103_80.jpg
group_47_294.jpg,group_103_80.jpg
group_47_392.jpg,group_103_80.jpg
group_47_98.jpg,group_103_80.jpg
group_48_0.jpg,group_50_250.jpg
group_48_1090.jpg,group_103_40.jpg
group_48_1090.jpg,group_103_80.jpg
group_48_1090.jpg,group_103_140.jpg
group_48_1090.jpg,group_103_160.jpg
group_48_981.jpg,group_103_80.jpg
group_49_336.jpg,group_47_882.jpg
group_49_336.jpg,group_47_784.jpg
group_49_392.jpg,group_47_882.jpg
group_49_392.jpg,group_47_980.jpg
group_49_448.jpg,group_17_558.jpg
group_49_448.jpg,group_108_588.jpg
group_49_504.jpg,group_17_620.jpg
group_49_504.jpg,group_17_558.jpg
group_49_560.jpg,group_51_735.jpg
group_49_560.jpg,group_51_882.jpg
group_49_560.jpg,group_51_588.jpg
group_53_0.jpg,group_113_1989.jpg
group_53_123.jpg,group_113_1989.jpg
group_53_164.jpg,group_113_442.jpg
group_53_164.jpg,group_108_588.jpg
group_53_246.jpg,group_63_182.jpg
group_53_246.jpg,group_63_91.jpg
group_53_287.jpg,group_63_182.jpg
group_53_287.jpg,group_63_91.jpg
group_53_328.jpg,group_63_182.jpg
group_53_328.jpg,group_63_91.jpg
group_53_369.jpg,group_63_182.jpg
group_53_369.jpg,group_63_91.jpg
group_53_41.jpg,group_113_1989.jpg
group_53_410.jpg,group_108_490.jpg
group_53_410.jpg,group_108_392.jpg
group_53_410.jpg,group_34_417.jpg
group_53_410.jpg,group_34_1112.jpg
group_53_82.jpg,group_113_1989.jpg
group_54_92.jpg,group_113_221.jpg
group_57_0.jpg,group_41_434.jpg
group_57_0.jpg,group_41_372.jpg
group_57_0.jpg,group_41_496.jpg
group_57_0.jpg,group_41_620.jpg
group_60_1110.jpg,group_23_600.jpg
group_60_1110.jpg,group_35_216.jpg
group_60_1110.jpg,group_35_252.jpg
group_60_1110.jpg,group_23_0.jpg
group_60_1110.jpg,group_35_288.jpg
group_63_0.jpg,group_23_600.jpg
group_63_0.jpg,group_35_216.jpg
group_63_0.jpg,group_35_252.jpg
group_63_0.jpg,group_23_0.jpg
group_63_0.jpg,group_35_288.jpg
group_63_182.jpg,group_40_1935.jpg
group_63_273.jpg,group_9_0.jpg
group_63_364.jpg,group_30_472.jpg
group_63_455.jpg,group_108_686.jpg
group_63_546.jpg,group_108_588.jpg
group_63_637.jpg,group_79_360.jpg
group_63_728.jpg,group_40_1935.jpg
group_63_819.jpg,group_15_375.jpg
group_63_91.jpg,group_40_1935.jpg
group_63_910.jpg,group_15_375.jpg
group_66_0.jpg,group_67_420.jpg
group_66_156.jpg,group_67_420.jpg
group_66_234.jpg,group_67_420.jpg
group_66_390.jpg,group_67_525.jpg
group_66_390.jpg,group_67_420.jpg
group_66_468.jpg,group_67_420.jpg
group_66_468.jpg,group_67_525.jpg
group_66_546.jpg,group_67_735.jpg
group_66_624.jpg,group_95_72.jpg
group_66_702.jpg,group_67_630.jpg
group_66_78.jpg,group_67_420.jpg
group_66_780.jpg,group_20_732.jpg
group_67_945.jpg,group_66_390.jpg
group_67_945.jpg,group_66_312.jpg
group_76_540.jpg,group_81_624.jpg
group_76_600.jpg,group_81_624.jpg
group_77_0.jpg,group_75_288.jpg
group_77_33.jpg,group_75_288.jpg
group_77_66.jpg,group_75_288.jpg
group_81_1040.jpg,group_50_0.jpg
group_81_1040.jpg,group_50_25.jpg
group_81_832.jpg,group_30_472.jpg
group_81_936.jpg,group_30_472.jpg
group_81_936.jpg,group_50_0.jpg
group_82_0.jpg,group_55_150.jpg
group_82_0.jpg,group_55_135.jpg
group_87_0.jpg,group_108_686.jpg
group_9_0.jpg,group_63_273.jpg
group_9_0.jpg,group_108_490.jpg
group_9_0.jpg,group_108_392.jpg
group_9_0.jpg,group_63_637.jpg
group_9_0.jpg,group_108_686.jpg
group_9_80.jpg,group_30_1180.jpg
group_9_80.jpg,group_30_472.jpg
group_9_80.jpg,group_32_1136.jpg
group_9_80.jpg,group_30_1062.jpg
group_9_80.jpg,group_32_994.jpg
group_90_0.jpg,group_108_784.jpg
group_94_248.jpg,group_103_180.jpg
group_94_248.jpg,group_103_140.jpg
group_94_248.jpg,group_103_120.jpg
group_94_248.jpg,group_103_40.jpg
group_94_248.jpg,group_103_80.jpg
group_94_279.jpg,group_98_512.jpg
group_94_279.jpg,group_98_640.jpg
group_94_279.jpg,group_98_448.jpg
group_94_279.jpg,group_98_576.jpg
group_94_279.jpg,group_105_1968.jpg
group_94_310.jpg,group_39_30.jpg
group_94_310.jpg,group_39_60.jpg
group_94_310.jpg,group_93_114.jpg
group_94_310.jpg,group_93_0.jpg
group_94_310.jpg,group_93_152.jpg
group_101_0.jpg,group_54_0.jpg
group_101_30.jpg,group_37_322.jpg
group_105_0.jpg,group_11_454.jpg
group_105_0.jpg,group_11_1135.jpg
group_105_1230.jpg,group_15_150.jpg
group_105_1230.jpg,group_15_225.jpg
group_105_1230.jpg,group_63_182.jpg
group_105_1476.jpg,group_15_225.jpg
group_105_1968.jpg,group_103_80.jpg
group_105_1968.jpg,group_103_40.jpg
group_105_2214.jpg,group_103_80.jpg
group_105_2214.jpg,group_103_40.jpg
group_105_246.jpg,group_11_454.jpg
group_105_246.jpg,group_11_1135.jpg
group_105_2460.jpg,group_103_80.jpg
group_105_2460.jpg,group_103_40.jpg
group_105_492.jpg,group_11_681.jpg
group_106_280.jpg,group_103_40.jpg
group_106_280.jpg,group_103_120.jpg
group_106_280.jpg,group_41_558.jpg
group_106_280.jpg,group_103_20.jpg
group_108_784.jpg,group_30_472.jpg
group_11_1589.jpg,group_40_1290.jpg
group_110_0.jpg,group_108_588.jpg
group_110_0.jpg,group_17_620.jpg
group_110_306.jpg,group_114_837.jpg
group_110_34.jpg,group_108_588.jpg
group_110_340.jpg,group_114_837.jpg
group_112_0.jpg,group_51_1470.jpg
group_112_0.jpg,group_51_1176.jpg
group_112_0.jpg,group_51_1323.jpg
group_112_135.jpg,group_51_735.jpg
group_112_135.jpg,group_57_123.jpg
group_112_180.jpg,group_57_123.jpg
group_112_180.jpg,group_57_164.jpg
group_112_225.jpg,group_57_123.jpg
group_112_270.jpg,group_30_236.jpg
group_112_315.jpg,group_103_80.jpg
group_112_315.jpg,group_103_100.jpg
group_112_315.jpg,group_103_140.jpg
group_112_360.jpg,group_54_161.jpg
group_112_360.jpg,group_54_115.jpg
group_112_360.jpg,group_30_1180.jpg
group_112_405.jpg,group_54_161.jpg
group_112_405.jpg,group_30_1062.jpg
group_112_405.jpg,group_103_140.jpg
group_112_45.jpg,group_51_1470.jpg
group_112_45.jpg,group_51_882.jpg
group_112_45.jpg,group_51_1029.jpg
group_112_90.jpg,group_51_882.jpg
group_112_90.jpg,group_51_1470.jpg
group_113_0.jpg,group_10_380.jpg
group_113_0.jpg,group_10_475.jpg
group_113_1989.jpg,group_10_855.jpg
group_113_442.jpg,group_63_182.jpg
group_113_663.jpg,group_103_80.jpg
group_113_663.jpg,group_103_40.jpg
group_113_663.jpg,group_103_100.jpg
group_113_884.jpg,group_17_620.jpg
group_113_884.jpg,group_98_448.jpg
group_113_884.jpg,group_17_558.jpg
group_18_0.jpg,group_103_80.jpg
group_18_0.jpg,group_103_40.jpg
group_18_134.jpg,group_103_80.jpg
group_18_469.jpg,group_103_80.jpg
group_18_536.jpg,group_103_80.jpg
group_18_536.jpg,group_103_100.jpg
group_18_603.jpg,group_103_80.jpg
group_18_603.jpg,group_103_100.jpg
group_18_603.jpg,group_103_40.jpg
group_18_67.jpg,group_103_80.jpg
group_18_67.jpg,group_103_40.jpg
group_20_1098.jpg,group_17_620.jpg
group_20_1098.jpg,group_17_434.jpg
group_20_1098.jpg,group_17_558.jpg
group_20_976.jpg,group_103_80.jpg
group_20_976.jpg,group_103_100.jpg
group_22_0.jpg,group_103_80.jpg
group_22_168.jpg,group_108_686.jpg
group_22_252.jpg,group_103_40.jpg
group_22_756.jpg,group_105_1968.jpg
group_22_84.jpg,group_108_588.jpg
group_22_84.jpg,group_108_686.jpg
group_22_840.jpg,group_105_1968.jpg
group_23_480.jpg,group_94_93.jpg
group_23_480.jpg,group_103_140.jpg
group_23_540.jpg,group_94_93.jpg
group_23_540.jpg,group_103_140.jpg
group_23_600.jpg,group_94_0.jpg
group_23_600.jpg,group_16_0.jpg
group_23_600.jpg,group_55_0.jpg
group_23_600.jpg,group_94_31.jpg
group_23_600.jpg,group_16_840.jpg
group_25_0.jpg,group_24_0.jpg
group_25_0.jpg,group_24_1329.jpg
group_25_0.jpg,group_24_2658.jpg
group_25_0.jpg,group_24_3987.jpg
group_25_182.jpg,group_24_2658.jpg
group_25_182.jpg,group_24_1772.jpg
group_25_182.jpg,group_24_2215.jpg
group_25_364.jpg,group_24_2215.jpg
group_25_364.jpg,group_24_2658.jpg
group_25_546.jpg,group_24_1772.jpg
group_25_546.jpg,group_24_2658.jpg
group_25_728.jpg,group_24_2658.jpg
group_25_910.jpg,group_24_2658.jpg
group_26_2728.jpg,group_27_750.jpg
group_27_0.jpg,group_26_2728.jpg
group_27_1875.jpg,group_24_1772.jpg
group_27_1875.jpg,group_24_2658.jpg
group_27_1875.jpg,group_24_1329.jpg
group_27_1875.jpg,group_24_2215.jpg
group_27_2250.jpg,group_25_728.jpg
group_27_3375.jpg,group_26_341.jpg
group_28_1264.jpg,group_103_80.jpg
group_28_1264.jpg,group_103_160.jpg
group_28_1422.jpg,group_4_162.jpg
group_28_1422.jpg,group_4_0.jpg
group_28_1422.jpg,group_4_243.jpg
group_28_1422.jpg,group_4_81.jpg
group_28_1422.jpg,group_85_420.jpg
group_28_1580.jpg,group_94_279.jpg
group_28_1580.jpg,group_22_840.jpg
group_28_1580.jpg,group_22_756.jpg
group_28_1580.jpg,group_85_252.jpg
group_28_1580.jpg,group_85_168.jpg
group_32_0.jpg,group_30_118.jpg
group_32_0.jpg,group_30_0.jpg
group_32_0.jpg,group_30_236.jpg
group_32_142.jpg,group_30_118.jpg
group_32_142.jpg,group_30_236.jpg
group_32_1420.jpg,group_30_472.jpg
group_32_1420.jpg,group_30_0.jpg
group_35_0.jpg,group_103_180.jpg
group_35_0.jpg,group_103_40.jpg
group_35_0.jpg,group_103_80.jpg
group_35_0.jpg,group_103_200.jpg
group_35_0.jpg,group_103_60.jpg
group_35_108.jpg,group_94_0.jpg
group_35_144.jpg,group_23_600.jpg
group_35_36.jpg,group_22_420.jpg
group_35_36.jpg,group_16_840.jpg
group_35_36.jpg,group_41_434.jpg
group_35_36.jpg,group_41_372.jpg
group_35_72.jpg,group_16_840.jpg
group_35_72.jpg,group_16_588.jpg
group_35_72.jpg,group_16_504.jpg
group_4_243.jpg,group_28_1422.jpg
group_40_0.jpg,group_97_117.jpg
group_40_0.jpg,group_97_78.jpg
group_40_0.jpg,group_97_156.jpg
group_40_0.jpg,group_97_39.jpg
group_40_1075.jpg,group_97_0.jpg
group_40_1075.jpg,group_97_156.jpg
group_40_1075.jpg,group_97_39.jpg
group_40_1290.jpg,group_97_0.jpg
group_40_1720.jpg,group_97_351.jpg
group_40_1935.jpg,group_97_117.jpg
group_40_2150.jpg,group_97_117.jpg
group_40_430.jpg,group_15_750.jpg
group_40_430.jpg,group_15_675.jpg
group_40_430.jpg,group_15_600.jpg
group_43_1090.jpg,group_44_93.jpg
group_43_1090.jpg,group_44_124.jpg
group_43_1090.jpg,group_44_62.jpg
group_43_1090.jpg,group_44_186.jpg
group_43_763.jpg,group_44_310.jpg
group_43_872.jpg,group_44_310.jpg
group_43_981.jpg,group_44_310.jpg
group_43_981.jpg,group_44_279.jpg
group_43_981.jpg,group_44_217.jpg
group_46_0.jpg,group_103_40.jpg
group_46_0.jpg,group_103_160.jpg
group_46_0.jpg,group_103_80.jpg
group_46_108.jpg,group_103_80.jpg
group_46_108.jpg,group_103_40.jpg
group_46_108.jpg,group_103_100.jpg
group_46_144.jpg,group_103_80.jpg
group_46_144.jpg,group_103_100.jpg
group_46_180.jpg,group_94_279.jpg
group_46_180.jpg,group_98_640.jpg
group_46_180.jpg,group_98_512.jpg
group_46_180.jpg,group_98_576.jpg
group_46_216.jpg,group_103_80.jpg
group_46_216.jpg,group_103_40.jpg
group_46_216.jpg,group_103_160.jpg
group_46_252.jpg,group_94_248.jpg
group_46_252.jpg,group_94_62.jpg
group_46_252.jpg,group_103_80.jpg
group_46_288.jpg,group_103_80.jpg
group_46_288.jpg,group_103_40.jpg
group_46_288.jpg,group_103_160.jpg
group_46_324.jpg,group_98_640.jpg
group_46_324.jpg,group_98_576.jpg
group_46_324.jpg,group_103_180.jpg
group_46_324.jpg,group_103_140.jpg
group_46_36.jpg,group_103_180.jpg
group_46_36.jpg,group_103_40.jpg
group_46_36.jpg,group_103_200.jpg
group_46_36.jpg,group_103_100.jpg
group_46_360.jpg,group_98_640.jpg
group_46_360.jpg,group_98_512.jpg
group_46_360.jpg,group_98_576.jpg
group_46_360.jpg,group_103_180.jpg
group_46_72.jpg,group_103_40.jpg
group_46_72.jpg,group_103_180.jpg
group_46_72.jpg,group_103_100.jpg
group_47_0.jpg,group_103_140.jpg
group_47_196.jpg,group_103_80.jpg
group_47_294.jpg,group_103_80.jpg
group_47_392.jpg,group_103_160.jpg
group_47_98.jpg,group_103_80.jpg
group_48_0.jpg,group_50_250.jpg
group_48_0.jpg,group_50_225.jpg
group_48_1090.jpg,group_103_140.jpg
group_48_1090.jpg,group_103_40.jpg
group_48_1090.jpg,group_103_80.jpg
group_48_1090.jpg,group_103_100.jpg
group_48_981.jpg,group_103_140.jpg
group_49_392.jpg,group_47_882.jpg
group_49_392.jpg,group_108_392.jpg
group_49_448.jpg,group_108_588.jpg
group_49_448.jpg,group_108_490.jpg
group_49_504.jpg,group_51_588.jpg
group_49_504.jpg,group_51_441.jpg
group_49_560.jpg,group_51_735.jpg
group_49_560.jpg,group_51_588.jpg
group_49_560.jpg,group_51_1470.jpg
group_53_0.jpg,group_113_1989.jpg
group_53_0.jpg,group_113_1326.jpg
group_53_123.jpg,group_113_1989.jpg
group_53_164.jpg,group_113_442.jpg
group_53_164.jpg,group_103_80.jpg
group_53_205.jpg,group_108_392.jpg
group_53_205.jpg,group_108_490.jpg
group_53_246.jpg,group_63_182.jpg
group_53_246.jpg,group_63_91.jpg
group_53_287.jpg,group_63_182.jpg
group_53_287.jpg,group_63_91.jpg
group_53_328.jpg,group_63_182.jpg
group_53_328.jpg,group_63_91.jpg
group_53_369.jpg,group_63_182.jpg
group_53_369.jpg,group_63_91.jpg
group_53_369.jpg,group_108_392.jpg
group_53_41.jpg,group_113_1989.jpg
group_53_410.jpg,group_108_392.jpg
group_53_410.jpg,group_108_490.jpg
group_53_410.jpg,group_108_294.jpg
group_53_410.jpg,group_108_588.jpg
group_53_82.jpg,group_113_1989.jpg
group_54_92.jpg,group_10_570.jpg
group_57_0.jpg,group_41_558.jpg
group_57_0.jpg,group_41_620.jpg
group_57_0.jpg,group_41_434.jpg
group_57_41.jpg,group_103_80.jpg
group_57_41.jpg,group_103_140.jpg
group_60_1110.jpg,group_23_600.jpg
group_60_1110.jpg,group_35_216.jpg
group_60_1110.jpg,group_35_252.jpg
group_60_1110.jpg,group_35_288.jpg
group_60_1110.jpg,group_35_324.jpg
group_63_0.jpg,group_23_600.jpg
group_63_0.jpg,group_35_216.jpg
group_63_0.jpg,group_35_252.jpg
group_63_0.jpg,group_35_288.jpg
group_63_0.jpg,group_35_324.jpg
group_63_182.jpg,group_40_1935.jpg
group_63_273.jpg,group_108_392.jpg
group_63_364.jpg,group_30_472.jpg
group_63_455.jpg,group_30_472.jpg
group_63_546.jpg,group_30_472.jpg
group_63_637.jpg,group_79_576.jpg
group_63_728.jpg,group_40_1935.jpg
group_63_819.jpg,group_40_1935.jpg
group_63_91.jpg,group_40_1935.jpg
group_63_910.jpg,group_15_525.jpg
group_66_0.jpg,group_42_400.jpg
group_66_156.jpg,group_67_525.jpg
group_66_234.jpg,group_67_525.jpg
group_66_390.jpg,group_67_525.jpg
group_66_390.jpg,group_67_420.jpg
group_66_468.jpg,group_67_525.jpg
group_66_468.jpg,group_42_400.jpg
group_66_468.jpg,group_34_834.jpg
group_66_546.jpg,group_67_735.jpg
group_66_624.jpg,group_58_595.jpg
group_66_702.jpg,group_20_732.jpg
group_66_78.jpg,group_67_525.jpg
group_66_780.jpg,group_20_732.jpg
group_66_780.jpg,group_20_610.jpg
group_67_630.jpg,group_66_312.jpg
group_67_735.jpg,group_66_312.jpg
group_67_840.jpg,group_66_312.jpg
group_67_945.jpg,group_66_312.jpg
group_73_830.jpg,group_103_80.jpg
group_73_830.jpg,group_103_40.jpg
group_73_830.jpg,group_103_140.jpg
group_73_830.jpg,group_103_20.jpg
group_73_830.jpg,group_103_100.jpg
group_76_0.jpg,group_79_648.jpg
group_76_120.jpg,group_79_648.jpg
group_76_300.jpg,group_81_624.jpg
group_76_480.jpg,group_81_624.jpg
group_76_540.jpg,group_81_624.jpg
group_76_60.jpg,group_79_648.jpg
group_76_600.jpg,group_81_624.jpg
group_77_33.jpg,group_75_288.jpg
group_77_66.jpg,group_75_288.jpg
group_81_1040.jpg,group_30_472.jpg
group_81_1040.jpg,group_50_0.jpg
group_81_832.jpg,group_30_472.jpg
group_81_936.jpg,group_30_472.jpg
group_81_936.jpg,group_30_354.jpg
group_82_0.jpg,group_103_80.jpg
group_82_0.jpg,group_103_40.jpg
group_82_580.jpg,group_43_1090.jpg
group_87_0.jpg,group_103_80.jpg
group_87_56.jpg,group_103_80.jpg
group_9_0.jpg,group_30_472.jpg
group_9_0.jpg,group_108_392.jpg
group_9_0.jpg,group_108_490.jpg
group_9_0.jpg,group_17_620.jpg
group_9_0.jpg,group_17_558.jpg
group_9_80.jpg,group_30_472.jpg
group_9_80.jpg,group_30_1180.jpg
group_9_80.jpg,group_32_1136.jpg
group_9_80.jpg,group_30_1062.jpg
group_9_80.jpg,group_32_1278.jpg
group_90_0.jpg,group_108_686.jpg
group_90_43.jpg,group_108_686.jpg
group_90_430.jpg,group_89_350.jpg
group_94_248.jpg,group_103_80.jpg
group_94_248.jpg,group_103_140.jpg
group_94_248.jpg,group_103_180.jpg
group_94_248.jpg,group_103_40.jpg
group_94_248.jpg,group_103_160.jpg
group_94_279.jpg,group_103_140.jpg
group_94_279.jpg,group_103_40.jpg
group_94_279.jpg,group_103_80.jpg
group_94_279.jpg,group_98_640.jpg
group_94_279.jpg,group_103_160.jpg
group_94_310.jpg,group_51_1470.jpg
group_94_310.jpg,group_39_60.jpg
group_94_310.jpg,group_51_1029.jpg
group_94_310.jpg,group_51_1323.jpg
group_94_310.jpg,group_39_30.jpg
